Ticker,Avg Abs Change (%),Avg Net Change (%),Std Dev Change (%),Earnings Count
APP,14.9275,12.504166666666668,14.500288058789687,12
TTD,13.889166666666668,-7.354166666666667,16.77471878010225,12
CVNA,13.558181818181817,8.587272727272726,15.482877052349858,11
DELL,12.353333333333333,4.456666666666667,15.678467766818017,12
SMCI,12.094166666666666,1.1475,13.837050477218433,12
FTNT,12.048333333333334,-3.1650000000000005,14.453223295734542,12
PLTR,11.9625,6.010833333333333,12.560609031508951,12
DDOG,11.793333333333335,3.873333333333333,14.868763067300359,12
ORCL,11.7475,1.7258333333333329,13.980398913760608,12
DECK,11.220769230769232,2.828461538461539,12.880894020572903,13
XYZ,11.061666666666667,0.9633333333333334,12.926391842297141,12
COHR,10.780833333333334,0.15416666666666679,13.67050405290917,12
EXPE,10.725,0.29499999999999993,11.780233444206443,12
AXON,10.415000000000001,6.303333333333334,10.31196333773486,12
VRT,9.898333333333333,4.705000000000001,11.625059530639364,12
CIEN,9.820833333333333,1.6608333333333334,11.357623357610224,12
TER,9.794545454545455,-1.678181818181818,11.891247889251842,11
INTC,9.516153846153845,-2.074615384615385,12.141113084189477,13
HPE,9.408333333333333,2.7883333333333336,13.004800395751307,12
LULU,9.340833333333334,-3.5041666666666664,10.90937166621044,12
MU,9.305833333333334,3.535833333333333,11.099245230959163,12
FISV,9.266363636363636,-6.219090909090909,14.3122614946384,11
EL,9.144166666666667,-3.954166666666666,11.435610615595266,12
TGT,8.861666666666666,-0.2849999999999999,10.633534005895944,12
MRVL,8.715833333333334,-0.5641666666666666,11.017146519141988,12
NKE,8.6725,-3.6824999999999997,9.47369192217921,12
META,8.588181818181818,2.099090909090909,10.085787479959565,11
ANET,8.373333333333333,1.3083333333333333,9.239038550267734,12
WDAY,8.349166666666667,-1.8374999999999997,9.242831251594641,12
TPR,8.317272727272728,0.6281818181818181,10.36255838891325,11
NTAP,8.253333333333332,3.06,11.022491056513001,12
CHTR,8.153076923076922,-1.3038461538461539,9.182797811180732,13
KEYS,8.128333333333332,1.0599999999999998,9.474998680738695,12
NFLX,8.125833333333333,0.5591666666666667,9.768383562506257,12
LITE,8.080833333333333,4.950833333333334,8.655990525046626,12
PYPL,8.0425,-3.3325,8.532379104436123,12
DXCM,7.9975,-2.9808333333333334,13.147252363021321,12
DG,7.761666666666667,-1.0966666666666667,10.831446922006423,12
AVGO,7.68,2.015,10.046050784444422,12
HOOD,7.609999999999999,-0.8966666666666666,8.945442042366231,12
IT,7.6066666666666665,-4.1,11.649990245801614,12
AKAM,7.3825,0.7024999999999997,9.843196196542886,12
ADBE,7.379166666666666,-4.279166666666667,7.614698058042191,12
TSLA,7.368333333333333,-0.5000000000000001,8.514397432370869,12
Q,7.346666666666668,7.346666666666668,8.505529573949723,3
UNH,7.293333333333333,-1.8616666666666666,8.985695534705384,12
COO,7.2508333333333335,0.600833333333333,9.190378821288483,12
JBL,7.245833333333334,2.0375,7.859639275784515,12
CHRW,7.2275,3.3708333333333336,8.25991906006275,12
FDX,7.1691666666666665,-0.6074999999999999,8.58833789084202,12
DASH,7.131666666666667,1.0783333333333334,8.157017986019305,12
NCLH,7.091666666666666,-1.1899999999999997,8.144489492344444,12
PANW,7.015833333333333,-3.5241666666666664,9.085445361909477,12
NOW,6.998333333333334,0.6133333333333333,8.285278657006199,12
FSLR,6.975833333333333,0.6891666666666668,8.90253534708291,12
LLY,6.8725,2.2841666666666662,7.80069164571419,12
PODD,6.8675,2.7308333333333334,8.300519653319999,12
IFF,6.838333333333334,-0.4399999999999998,9.28337125284677,12
FLEX,6.790909090909091,2.3236363636363637,9.291757931335999,11
WSM,6.62,2.6750000000000003,9.335908681488423,12
EBAY,6.509090909090909,-1.4036363636363638,7.90984484389836,11
MRNA,6.475833333333333,-1.4491666666666667,8.278358926451034,12
APH,6.455454545454544,2.684545454545454,7.943928956928509,11
SNDK,6.454000000000001,1.9859999999999995,10.985478141619508,5
AMZN,6.3933333333333335,1.6833333333333333,7.244283430695021,12
JBHT,6.346923076923076,1.3223076923076922,7.453422204873581,13
SWKS,6.345,-4.193333333333333,9.20842729967139,12
GOOGL,6.310833333333334,0.11750000000000001,6.9435046495398725,12
DLTR,6.3075,-2.0141666666666667,8.195793220619436,12
AMD,6.273333333333333,-1.6083333333333332,7.785786389117653,12
ACN,6.2508333333333335,-2.8191666666666664,7.588302551036075,12
AMAT,6.239166666666667,-2.9241666666666664,7.1161652828846895,12
QCOM,6.178333333333334,-1.545,6.873267715643635,12
STX,6.176363636363636,3.6709090909090905,6.451871750965691,11
CMG,6.156363636363636,-2.9745454545454546,8.148451832877658,11
GOOG,6.142499999999999,0.16583333333333342,6.754457731189399,12
BBY,6.1275,2.0708333333333333,7.30764165207569,12
IBM,6.0925,-1.2591666666666665,6.764947702993899,12
VEEV,6.079166666666667,1.8975,7.122497168064786,12
TXN,6.052499999999999,0.1908333333333332,6.906668001199122,12
ABNB,6.051666666666667,-1.405,7.533091240411445,12
ROST,5.9750000000000005,2.6950000000000003,6.146929018919639,12
CRWD,5.969166666666666,0.26416666666666694,8.415380354752333,12
CVS,5.910833333333333,1.3775000000000002,7.9020666169162235,12
WDC,5.909166666666667,2.5191666666666666,6.907212907643368,12
HUM,5.808333333333334,-1.8116666666666665,6.649541109708021,12
BAX,5.799166666666667,-2.919166666666666,7.6803094851626135,12
DHI,5.75,0.5033333333333334,7.2951283038543595,12
ECHO,5.723333333333334,-5.051666666666667,5.951108121920478,12
EW,5.700833333333333,-0.6608333333333333,9.133536065544718,12
ZTS,5.7,-2.1149999999999998,7.6341892467075665,12
DIS,5.679166666666667,1.2291666666666667,6.507826698163783,12
INTU,5.668333333333333,-0.43500000000000005,8.203263762895617,12
NXPI,5.6463636363636365,-0.5627272727272729,8.470252759993754,11
DHR,5.645,0.19666666666666663,7.196792635780486,12
SNPS,5.608333333333333,-1.7133333333333332,9.626900127279084,12
MNST,5.605833333333333,2.4258333333333333,6.3851510387679005,12
HAS,5.598461538461539,0.8907692307692308,7.180581988412061,13
APTV,5.593333333333334,0.2883333333333334,7.029052481514047,12
CRM,5.585,0.2133333333333333,7.615575347850474,12
A,5.581666666666667,0.47000000000000003,7.343087039707978,12
SBUX,5.53,0.9700000000000001,7.113087809230122,12
GLW,5.511818181818182,-0.2645454545454546,6.252515275689238,11
CSCO,5.4991666666666665,1.2158333333333333,7.05824399786047,12
RMD,5.4750000000000005,2.4616666666666664,6.429406636461074,12
ISRG,5.424166666666667,2.329166666666667,6.770298044108591,12
BF-B,5.406666666666666,-0.20999999999999994,7.444620998961722,12
EFX,5.4025,-2.095833333333333,6.403682830050125,12
GDDY,5.399166666666666,-1.8658333333333335,7.1515801919872395,12
EMR,5.384166666666666,0.5608333333333333,6.123487506513281,12
HRL,5.3808333333333325,-0.09083333333333322,7.665428243191318,12
HWM,5.3566666666666665,4.006666666666667,5.31046536795434,12
GEHC,5.271818181818182,-0.2209090909090908,6.015159938930061,11
UPS,5.251666666666666,-1.6466666666666665,6.9202855082107355,12
DAL,5.190833333333333,1.9974999999999996,6.246651648537945,12
JCI,5.1450000000000005,1.64,6.198491018715033,12
MPWR,5.1433333333333335,0.48666666666666664,6.026077170150251,12
WBD,5.126666666666667,-2.1466666666666665,6.673208759773304,12
BKNG,5.065833333333333,-0.2108333333333333,6.05972315349222,12
MGM,5.0249999999999995,0.20833333333333334,6.268654826462638,12
SJM,5.0175,-0.03916666666666676,5.958437040843594,12
MAS,4.9675,2.494166666666666,5.628843669938441,12
ADSK,4.96,0.6166666666666666,6.086711805733914,12
LVS,4.930833333333333,0.42916666666666664,6.129744853556058,12
DPZ,4.929166666666666,0.32583333333333336,6.253393926985618,12
SW,4.87875,-1.96625,5.099165022684736,8
CDW,4.86,-1.3549999999999998,6.167239694915827,12
VRSK,4.8500000000000005,-0.37666666666666654,6.338094542071964,12
RVTY,4.79,-1.1666666666666667,6.772486227152455,12
FTV,4.786363636363636,-0.6481818181818182,6.220650799043165,11
GPC,4.78,-2.31,6.157794764656934,12
HCA,4.756923076923077,-0.7846153846153847,5.699822534349374,13
TECH,4.7491666666666665,1.5141666666666664,6.077277288591023,12
PWR,4.7225,2.3825,5.3330055060231025,12
CNC,4.710833333333333,0.9024999999999999,6.286522560930717,12
ROL,4.69,-2.3316666666666666,6.577278842325066,12
CTVA,4.6875,1.4625000000000004,7.907485665207022,12
ELV,4.677499999999999,-1.8924999999999998,6.476052564501143,12
UBER,4.675833333333333,-2.1941666666666664,4.926555976326544,12
ZBH,4.655,-2.045,5.108827476223697,12
DRI,4.650833333333334,1.0441666666666667,5.810134497478339,12
CLX,4.617500000000001,1.4758333333333333,5.3146033091222655,12
GEN,4.609166666666667,2.1141666666666667,4.943499787753121,12
KVUE,4.609090909090909,2.5309090909090908,6.912166743569566,11
BDX,4.5725,-1.7475000000000003,5.400804864260343,12
HPQ,4.57,-2.106666666666667,5.278998412807513,12
ALLE,4.539166666666667,0.12250000000000012,5.694258871083146,12
CMCSA,4.493076923076924,-1.2176923076923079,5.277330691814683,13
MSFT,4.463636363636364,0.06727272727272725,5.595920104699657,11
MMM,4.449166666666667,2.5141666666666667,4.508633048907059,12
RCL,4.445833333333334,1.3375000000000001,5.266634469598553,12
ROP,4.421666666666667,-1.3833333333333335,5.460829662794894,12
MCHP,4.3741666666666665,-0.8908333333333335,5.653329603522211,12
GPN,4.3675,3.385833333333333,5.336785648740828,12
RTX,4.365833333333334,1.9741666666666668,4.892914094211479,12
COIN,4.360833333333333,0.04916666666666656,6.441228649500926,12
CAH,4.336666666666667,0.5816666666666666,5.59473101690467,12
ON,4.335833333333333,-1.1158333333333332,5.6679793711264645,12
GEV,4.329,2.217,5.091140562017731,10
TMO,4.318333333333333,0.5666666666666668,5.825763053155797,12
CAT,4.2975,-0.012499999999999992,5.140368089048594,12
APD,4.296666666666667,-0.8616666666666667,5.676310955242504,12
TSN,4.240833333333334,0.6591666666666667,5.103552164617278,12
WMT,4.214166666666666,0.5258333333333333,4.910372062061977,12
TTWO,4.201666666666667,1.045,5.078323810793551,12
TAP,4.12,-0.8099999999999999,5.19371123221501,12
TT,4.0841666666666665,1.9208333333333334,4.427440176349254,12
MKC,4.0625,-0.04083333333333342,4.818948316675318,12
GM,4.045,1.3666666666666665,5.16183077693341,12
CDNS,4.041818181818182,0.20727272727272725,4.98505584905343,11
F,4.014166666666667,-2.5141666666666667,5.0599379412891,12
VTRS,4.0125,0.2508333333333333,6.221891642102152,12
LRCX,4.0,0.32181818181818184,4.811063953392884,11
FOXA,3.9899999999999998,3.2566666666666664,3.4846477149017083,12
BSX,3.9891666666666663,1.0908333333333333,4.8847191383544315,12
VMC,3.9683333333333333,0.03833333333333346,4.660785796668224,12
SWK,3.9575,-1.445833333333333,5.131024101807877,12
KDP,3.9566666666666666,2.3316666666666666,3.955672183617144,12
ABT,3.9158333333333335,-1.3525,4.655235810841965,12
CARR,3.901666666666667,0.2466666666666666,4.64772932503474,12
CRH,3.894444444444444,1.5855555555555556,4.595062869839517,9
DE,3.8699999999999997,-1.3766666666666667,4.128143613898346,12
CTSH,3.8541666666666665,1.7824999999999998,4.572542807593246,12
NVDA,3.848333333333333,2.985,4.254946853636685,12
OTIS,3.8358333333333334,-3.0224999999999995,4.202218299465609,12
AON,3.8091666666666666,-0.1608333333333335,5.132301376988925,12
EXPD,3.7891666666666666,-0.1191666666666667,4.6151419919717105,12
LEN,3.7641666666666667,-2.4225,3.4224343409599283,12
DLR,3.7546153846153847,2.393076923076923,4.491928658930713,13
BLDR,3.7308333333333334,-0.7308333333333336,5.354862630159507,12
UAL,3.7158333333333338,1.9024999999999999,3.8726620513073904,12
ETN,3.7125,-2.2408333333333332,3.6976613206761164,12
CI,3.705833333333333,-1.1608333333333334,5.092913897730549,12
MCK,3.705833333333333,-0.04416666666666665,4.693907963488097,12
AMCR,3.7016666666666667,0.8133333333333335,4.495396298302062,12
TXT,3.6958333333333333,-0.4425000000000001,5.042887205127274,12
GIS,3.68,-0.4783333333333333,4.696737423386836,12
PTC,3.6736363636363634,0.33545454545454545,5.014386031482546,11
PCAR,3.6536363636363633,-2.0681818181818183,4.090143807207317,11
LUV,3.646153846153846,-2.0092307692307694,3.955981676605824,13
TEL,3.6299999999999994,0.42166666666666686,4.795150643824414,12
IBKR,3.6233333333333335,-0.7283333333333334,4.525617654145692,12
WFC,3.596666666666667,-0.765,3.9711424964703452,12
IQV,3.5666666666666664,0.585,4.571887416095736,12
CSGP,3.5645454545454545,-2.400909090909091,3.9426297177022716,11
GE,3.545833333333333,0.7125,4.007325394596977,12
DOW,3.545,-0.68,4.758498617306628,12
WAB,3.5246153846153847,0.6815384615384615,4.568037226486241,13
HAL,3.52,-0.9883333333333333,4.524647315905774,12
UNP,3.4966666666666666,1.1866666666666665,4.04552577397287,12
T,3.4675,0.5225000000000001,3.961882300578396,12
KMB,3.462727272727273,0.3518181818181817,4.386248552423399,11
IP,3.4466666666666668,-1.7449999999999999,4.024939299372893,12
TMUS,3.4330769230769227,-0.17615384615384608,4.467380922609164,13
TSCO,3.424615384615384,-1.6984615384615382,3.7908966532863215,13
IR,3.4233333333333333,-1.9466666666666665,3.844886411215748,12
FIS,3.4158333333333335,-1.5791666666666666,4.643299098179173,12
DD,3.3891666666666667,2.4741666666666666,3.2772673160128485,12
ODFL,3.3845454545454543,0.8463636363636364,3.999243110207912,11
XYL,3.3775,1.0975000000000001,4.303085837776505,12
CTAS,3.3466666666666662,1.71,3.5991994059285415,12
SPGI,3.3425,0.027500000000000007,3.9847598878271655,12
ADI,3.3175000000000003,0.8408333333333334,3.86321453133935,12
APO,3.295833333333333,1.6141666666666665,3.9072693518464767,12
FCX,3.293333333333333,-0.9849999999999999,4.52539601481562,12
VZ,3.2916666666666665,1.5716666666666665,3.3664273842358954,12
CCL,3.275,0.21833333333333327,4.13261931760505,12
PM,3.2741666666666664,0.9575,4.386089840724776,12
FAST,3.266666666666667,0.8116666666666666,3.760879571525144,12
COR,3.2633333333333336,-1.0533333333333335,4.534396488525404,12
BRO,3.258181818181818,-1.1036363636363635,4.132730992279252,11
FOX,3.234166666666667,2.6374999999999997,3.108186039243059,12
TRV,3.233333333333333,0.235,4.190169230689636,12
ARES,3.2274999999999996,-0.9525,3.825755124511666,12
HSIC,3.2225,0.5624999999999999,4.181337595902667,12
HON,3.2176923076923076,-1.0038461538461538,3.525002454990962,13
LDOS,3.203333333333333,2.6766666666666663,2.7633784768034593,12
PNR,3.1991666666666667,-0.03083333333333334,4.069763134347866,12
ECL,3.1966666666666668,0.385,4.7451630875316315,12
PHM,3.1908333333333334,0.12083333333333325,3.9902846978250777,12
CPRT,3.1733333333333333,-1.5233333333333334,3.934889009254456,12
NRG,3.1575,0.7941666666666668,4.98884475301617,12
NTRS,3.138333333333333,0.4683333333333333,3.663544814255806,12
WYNN,3.1308333333333334,-0.1525,3.691735548984565,12
NOC,3.1276923076923073,-1.7523076923076923,3.611941199793988,13
DGX,3.126666666666667,2.02,3.226532053290202,12
COF,3.1216666666666666,2.02,3.7217786559165984,12
CHD,3.1208333333333336,0.15249999999999994,4.312445256569536,12
CCI,3.0858333333333334,0.6941666666666667,3.907132076166105,12
LMT,3.0683333333333334,-1.0683333333333331,4.00939313778698,12
LYV,3.0625,1.9775,3.1184965054566685,12
NEM,3.0583333333333336,-0.38833333333333336,3.637928564777522,12
AMGN,3.0566666666666666,1.2466666666666668,4.363606376159588,12
JKHY,3.0399999999999996,0.18500000000000005,4.471516927885171,12
MRK,3.0399999999999996,-1.8283333333333331,3.752891814280951,12
DOV,3.029166666666667,0.8791666666666668,3.4630371807347835,12
STT,3.025,-0.48666666666666675,3.7972246643456784,12
GD,3.022727272727273,0.6627272727272727,3.7483572159256404,11
AOS,2.99,-0.5516666666666666,3.7495256265616357,12
ABBV,2.9766666666666666,0.18500000000000014,3.849215976840431,12
MDT,2.9691666666666667,-0.29083333333333333,3.5071601003799313,12
CSX,2.965,0.9533333333333335,3.365683324738714,12
ALB,2.9499999999999997,1.625,3.3823512531965094,12
AFL,2.9425000000000003,-0.10916666666666675,4.0552445466745075,12
PSKY,2.9425,1.5925,3.6851356827123745,4
VRTX,2.9266666666666663,-1.9749999999999999,4.407294573153178,12
CF,2.924166666666667,0.030833333333333268,3.64517728296477,12
RF,2.92,-0.09333333333333327,4.525618658528825,12
IVZ,2.9181818181818184,0.4799999999999999,3.8852773388781396,11
CBRE,2.908333333333333,1.5199999999999998,3.4533567332774537,12
BG,2.9075,-1.2258333333333333,3.5103003195358276,12
KLAC,2.903333333333333,-1.2749999999999997,3.693755172277566,12
MOS,2.891666666666667,-0.8833333333333334,4.073824054158749,12
BMY,2.8808333333333334,-0.5474999999999999,3.4618784312461455,12
STLD,2.8775,0.5975,3.4368672971445693,12
PFG,2.875,0.7066666666666667,3.25919491825075,12
NSC,2.866153846153846,0.7923076923076924,3.7960443311561267,13
PAYX,2.8625000000000003,-0.28250000000000003,3.609699370509204,12
NWS,2.8425,2.0258333333333334,3.122896261582517,12
TJX,2.841666666666667,1.86,3.093879588654172,12
AAPL,2.8383333333333334,0.27666666666666667,3.516207495514898,12
MS,2.830833333333333,0.10750000000000008,3.352082459931709,12
CEG,2.7975,0.02916666666666666,3.9195928785185505,12
EXR,2.7866666666666666,-0.25333333333333335,3.756425605989467,12
SCHW,2.778333333333333,-0.15999999999999995,3.8026234962911403,12
HIG,2.7776923076923077,-0.7376923076923076,3.4229766623173505,13
ORLY,2.769090909090909,-1.2381818181818183,3.429786635293275,11
WM,2.7363636363636363,-0.5454545454545454,3.6507187337190565,11
HST,2.723333333333333,0.26333333333333325,3.502179408034461,12
PGR,2.7146153846153847,-0.04076923076923075,3.8272497992215015,13
MRSH,2.705,0.1766666666666666,3.2061739683229162,12
SOLV,2.687777777777778,0.2522222222222221,3.0794592779324823,9
SHW,2.6827272727272726,0.9772727272727273,3.249975664244552,11
BALL,2.6824999999999997,0.9758333333333332,3.2815640903063095,12
MO,2.6808333333333336,-0.44416666666666665,3.5373910733845366,12
PG,2.674166666666667,1.0091666666666665,2.976973625965969,12
GILD,2.6441666666666666,0.1475000000000001,3.174157368499552,12
BA,2.638181818181818,2.0436363636363635,2.6035102178684557,11
ADM,2.6345454545454547,-1.507272727272727,3.5968071700025592,11
WRB,2.6149999999999998,1.7216666666666667,3.1124408233391163,12
ADP,2.5863636363636364,-0.09727272727272722,2.9950896177212822,11
LOW,2.5716666666666668,0.18333333333333335,3.0645163739260073,12
NUE,2.5663636363636364,-1.3754545454545453,3.2577948481645174,11
MDLZ,2.5658333333333334,0.20083333333333334,2.9677860077638325,12
BKR,2.5654545454545454,0.5945454545454546,2.9068208188203264,11
STZ,2.544166666666667,0.37749999999999995,3.275099235137769,12
PPG,2.537272727272727,-0.3936363636363636,3.3749348815266718,11
TRMB,2.486666666666667,-0.13833333333333334,3.1563207387812486,12
OXY,2.4858333333333333,0.7641666666666667,3.085177049091741,12
KHC,2.473333333333333,-1.455,2.8529808972371336,12
MAR,2.4491666666666667,-0.42583333333333323,3.0345599001962027,12
TROW,2.438333333333333,0.7983333333333333,3.29956149519994,12
CL,2.3925,0.23416666666666666,3.0236385616530215,12
MET,2.3891666666666667,-0.8841666666666667,3.283707600572957,12
HSY,2.3850000000000002,0.4433333333333333,3.2494848076505165,12
DVN,2.3608333333333333,0.3075,3.0596765277632625,12
V,2.3545454545454545,0.7018181818181817,3.4334030295956173,11
KEY,2.339166666666667,-1.2475,2.384011611472638,12
VLTO,2.33,0.6736363636363637,3.0894668560360787,11
ALL,2.3183333333333334,1.8166666666666667,1.8578253824068482,12
GS,2.31,1.0533333333333335,2.7621083295632025,12
KR,2.3008333333333333,0.11250000000000003,2.7798630607214516,12
ARE,2.2972727272727274,-1.5463636363636366,3.370528957677928,11
ITW,2.289166666666667,-0.8525,2.6995963502985876,12
MPC,2.2791666666666663,0.20583333333333334,3.3482165085129703,12
BX,2.2716666666666665,0.23833333333333337,2.7555888113014424,12
SRE,2.2575,-1.0308333333333335,5.119606622553825,12
RJF,2.2383333333333333,0.9933333333333333,2.6673218892001134,12
INCY,2.235,-0.05999999999999998,2.8574655012631545,12
AJG,2.231666666666667,0.14666666666666653,3.1984551195092847,12
BXP,2.231666666666667,-1.8016666666666667,2.2414477193965237,12
SYY,2.2266666666666666,-0.7816666666666666,2.527020643630228,12
KO,2.2263636363636365,0.8954545454545454,2.7850758109479306,11
KKR,2.225,0.6883333333333334,2.944714319631435,12
ACGL,2.2199999999999998,0.2563636363636363,2.640042699379208,11
NWSA,2.2175,1.0825,3.4949161129222595,12
EA,2.2125,0.6891666666666666,2.8421933218533675,12
HD,2.19,0.10666666666666678,2.6846172347226145,12
EQT,2.1858333333333335,0.03250000000000005,2.5424259173975052,12
SYK,2.1458333333333335,0.5575,3.139125891651426,12
TKO,2.1445454545454545,0.41545454545454547,2.624371786299965,11
BNY,2.1008333333333336,0.6525,2.4994367547327716,12
FITB,2.0825,1.2808333333333333,2.5035809202505166,12
CB,2.0691666666666664,-0.2758333333333333,2.2570916859507233,12
BEN,2.0691666666666664,0.7941666666666666,2.2866309410584953,12
CFG,2.0625,-0.017499999999999922,2.546438243365177,12
INVH,2.0518181818181818,-1.2481818181818183,2.7335098982144483,11
HBAN,2.0475,-0.4575,2.608768866726219,12
PNC,2.0408333333333335,-0.5558333333333333,2.976017651259155,12
BIIB,2.0345454545454547,-0.07272727272727277,2.866377821952615,11
LYB,2.03,0.3016666666666666,2.6721657315686276,12
PSA,2.029166666666667,0.2541666666666667,2.4042933504777477,12
ICE,2.013333333333333,-0.525,2.517677501190333,12
OMC,2.0072727272727273,0.14727272727272722,2.8751629202850086,11
PLD,2.0016666666666665,0.7633333333333333,2.380203709132833,12
APA,2.0,0.5116666666666666,2.818161339124027,12
YUM,1.9908333333333335,0.7658333333333335,2.6597589034050477,12
NDAQ,1.9841666666666669,0.4975,2.2636018160927027,12
CME,1.9683333333333335,-0.48666666666666664,2.394468372703801,12
EOG,1.9666666666666666,-0.05500000000000005,2.6311991735535893,12
DOC,1.9608333333333334,0.24916666666666668,2.4566401976288796,12
IRM,1.9308333333333334,0.6258333333333334,2.23570797545546,12
WELL,1.929166666666667,1.6341666666666665,1.5014566159889438,12
VTR,1.9008333333333332,-0.32249999999999995,2.59108655692058,12
ETR,1.8933333333333333,0.8833333333333334,2.303208565668706,12
AXP,1.8625,-0.8825,2.2471441471747684,12
TFC,1.8399999999999999,0.04833333333333332,2.223996539129638,12
AIG,1.8216666666666665,0.6716666666666665,2.223734914439437,12
MTB,1.8166666666666667,1.2833333333333334,2.400876102718768,12
PEP,1.8083333333333333,-0.2583333333333333,2.3379588352132115,12
SLB,1.805,0.4583333333333333,2.381813034923886,12
USB,1.7941666666666667,-0.4025,2.5037939393866044,12
VLO,1.7916666666666667,0.59,2.1750694868732983,12
MA,1.7758333333333332,0.16749999999999995,2.2421666672297946,12
NEE,1.7625,1.2758333333333334,2.0174667208400168,12
C,1.7608333333333333,1.2825,1.6135794484200758,12
AES,1.76,0.7516666666666666,2.4691987413414953,12
SPG,1.7441666666666666,-0.004166666666666652,2.155329370878079,12
LIN,1.72,-0.7549999999999999,2.216186322984107,12
MCD,1.7,0.2366666666666667,2.141050436046981,12
BR,1.6933333333333334,-0.18166666666666664,2.0435656598359166,12
BAC,1.6691666666666667,0.5358333333333334,2.0754121532988585,12
PRU,1.6675000000000002,-0.15416666666666667,1.967889771180071,12
JNJ,1.6558333333333335,-0.7224999999999998,1.8378847772767075,12
AEP,1.6466666666666665,0.9716666666666667,1.900271910367917,12
LHX,1.6290909090909091,0.7363636363636363,2.2183699994693074,11
EQR,1.606153846153846,-0.2753846153846154,2.0543272028599184,13
RSG,1.5866666666666667,0.5483333333333333,1.933667421499803,12
HLT,1.579090909090909,0.046363636363636385,2.2243123554360467,11
UDR,1.5745454545454545,-0.04363636363636359,1.9018584212673284,11
AMT,1.555,0.13833333333333334,1.934739039642078,12
WMB,1.5525,-0.34416666666666673,1.9387224393836517,12
EXC,1.5516666666666667,0.52,1.9352190385774752,12
PFE,1.5508333333333333,0.1091666666666667,2.110482315979124,12
ES,1.4716666666666667,0.2883333333333334,2.248218823599669,12
CBOE,1.4658333333333333,-0.17250000000000001,2.0942958243762986,12
ATO,1.4483333333333333,1.16,1.2213331017599356,12
EXE,1.4349999999999998,0.48666666666666664,1.685825038551172,12
SYF,1.4091666666666667,-0.08083333333333331,2.051688698402249,12
FANG,1.3800000000000001,0.2816666666666667,1.805324616155491,12
JPM,1.3775000000000002,-0.30916666666666665,1.7290010691060016,12
COST,1.3691666666666666,-1.0641666666666667,1.4303493427915583,12
COP,1.3541666666666667,0.13083333333333336,1.7570763854318983,12
CVX,1.3472727272727272,0.20363636363636362,1.6022313985643444,11
BRK-B,1.3375000000000001,-0.4058333333333333,1.7718734734908714,12
REG,1.3216666666666665,0.225,1.6296541741341095,12
KMI,1.3158333333333332,0.40750000000000003,1.458380951603524,12
PNW,1.3033333333333335,0.10833333333333332,1.4625745254257108,12
KIM,1.2891666666666666,0.7541666666666668,1.3037042214281955,12
WEC,1.2791666666666666,0.08083333333333338,1.6930953811575324,12
SO,1.2650000000000001,0.3583333333333334,1.8143760927824766,12
PSX,1.2466666666666666,-0.04333333333333336,1.51490973828526,12
D,1.2433333333333334,0.8766666666666668,1.6552524297099238,12
LNT,1.2066666666666668,0.7783333333333333,1.8595445841942218,12
EIX,1.1983333333333333,0.03666666666666666,1.4922973950092908,12
XOM,1.1925000000000001,0.18583333333333338,1.4144736144801735,12
VST,1.1900000000000002,-0.08000000000000003,1.5801668496482493,12
AWK,1.1763636363636363,0.5763636363636363,1.2603830586553655,11
PEG,1.175,-0.04999999999999999,1.5670470202378626,12
ED,1.1624999999999999,0.7108333333333333,1.2525062753124114,12
OKE,1.1508333333333334,-0.25083333333333335,1.5957697392186823,12
AEE,1.0833333333333333,0.49,1.2509269290482887,12
XEL,1.0666666666666667,0.035000000000000024,1.2889706957667635,12
WY,1.0491666666666666,-0.03250000000000003,1.282555155645451,12
FE,1.0008333333333332,-0.4908333333333334,1.6407063796555508,12
NI,0.9500000000000001,0.2216666666666667,1.2126367464281622,12
VICI,0.9218181818181819,0.29818181818181816,1.1245160575271318,11
TRGP,0.8791666666666668,0.6058333333333333,1.125905359605273,12
PPL,0.8691666666666666,0.017499999999999977,1.141937149997956,12
CNP,0.8475,0.41083333333333333,0.9384460882789487,12
DUK,0.8441666666666667,0.4058333333333333,0.9747769752692929,12
DTE,0.7949999999999999,0.09166666666666667,1.3313276581418014,12
PCG,0.7684615384615385,0.13153846153846155,1.0025122289681903,13
O,0.7158333333333333,-0.4075,0.9471596294375957,12
EVRG,0.68,-0.19666666666666666,0.8856464853256615,12
MAA,0.6799999999999999,-0.14545454545454548,0.8626165270427367,11
CMS,0.61,0.5683333333333334,0.6625684641582105,12
